{
    "$schema": "https://schema.management.azure.com/schemas/2015-01-01/deploymentTemplate.json#",
    "contentVersion": "1.0.0.0",
    "parameters": {
        "virtualNetworks_nordcloud_vnet_name": {
            "defaultValue": "nordcloud-vnet",
            "type": "String"
        },
        "networkSecurityGroups_nordcloud_nsg_externalid": {
            "defaultValue": "/subscriptions/adf8fbba-539c-4d2b-be9c-3c1776ffb458/resourceGroups/nord-cloud/providers/Microsoft.Network/networkSecurityGroups/nordcloud-nsg",
            "type": "String"
        }
    },
    "variables": {},
    "resources": [
        {
            "type": "Microsoft.Network/virtualNetworks",
            "apiVersion": "2019-11-01",
            "name": "[parameters('virtualNetworks_nordcloud_vnet_name')]",
            "location": "northeurope",
            "properties": {
                "addressSpace": {
                    "addressPrefixes": [
                        "10.50.0.0/16"
                    ]
                },
                "subnets": [
                    {
                        "name": "GatewaySubnet",
                        "properties": {
                            "addressPrefix": "10.50.1.0/24",
                            "serviceEndpoints": [],
                            "delegations": [],
                            "privateEndpointNetworkPolicies": "Enabled",
                            "privateLinkServiceNetworkPolicies": "Enabled"
                        }
                    },
                    {
                        "name": "norcloud-subnet2",
                        "properties": {
                            "addressPrefix": "10.50.2.0/24",
                            "networkSecurityGroup": {
                                "id": "[parameters('networkSecurityGroups_nordcloud_nsg_externalid')]"
                            },
                            "serviceEndpoints": [],
                            "delegations": [],
                            "privateEndpointNetworkPolicies": "Enabled",
                            "privateLinkServiceNetworkPolicies": "Enabled"
                        }
                    },
                    {
                        "name": "nordcloud-subnet",
                        "properties": {
                            "addressPrefix": "10.50.0.0/24",
                            "networkSecurityGroup": {
                                "id": "[parameters('networkSecurityGroups_nordcloud_nsg_externalid')]"
                            },
                            "serviceEndpoints": [
                                {
                                    "service": "Microsoft.AzureActiveDirectory",
                                    "locations": [
                                        "*"
                                    ]
                                },
                                {
                                    "service": "Microsoft.AzureCosmosDB",
                                    "locations": [
                                        "*"
                                    ]
                                },
                                {
                                    "service": "Microsoft.CognitiveServices",
                                    "locations": [
                                        "*"
                                    ]
                                },
                                {
                                    "service": "Microsoft.ContainerRegistry",
                                    "locations": [
                                        "*"
                                    ]
                                },
                                {
                                    "service": "Microsoft.EventHub",
                                    "locations": [
                                        "*"
                                    ]
                                },
                                {
                                    "service": "Microsoft.KeyVault",
                                    "locations": [
                                        "*"
                                    ]
                                },
                                {
                                    "service": "Microsoft.ServiceBus",
                                    "locations": [
                                        "*"
                                    ]
                                },
                                {
                                    "service": "Microsoft.Sql",
                                    "locations": [
                                        "northeurope"
                                    ]
                                },
                                {
                                    "service": "Microsoft.Storage",
                                    "locations": [
                                        "northeurope",
                                        "westeurope"
                                    ]
                                },
                                {
                                    "service": "Microsoft.Web",
                                    "locations": [
                                        "*"
                                    ]
                                }
                            ],
                            "delegations": [],
                            "privateEndpointNetworkPolicies": "Enabled",
                            "privateLinkServiceNetworkPolicies": "Enabled"
                        }
                    }
                ],
                "virtualNetworkPeerings": [],
                "enableDdosProtection": false,
                "enableVmProtection": false
            }
        },
        {
            "type": "Microsoft.Network/virtualNetworks/subnets",
            "apiVersion": "2019-11-01",
            "name": "[concat(parameters('virtualNetworks_nordcloud_vnet_name'), '/GatewaySubnet')]",
            "dependsOn": [
                "[resourceId('Microsoft.Network/virtualNetworks', parameters('virtualNetworks_nordcloud_vnet_name'))]"
            ],
            "properties": {
                "addressPrefix": "10.50.1.0/24",
                "serviceEndpoints": [],
                "delegations": [],
                "privateEndpointNetworkPolicies": "Enabled",
                "privateLinkServiceNetworkPolicies": "Enabled"
            }
        },
        {
            "type": "Microsoft.Network/virtualNetworks/subnets",
            "apiVersion": "2019-11-01",
            "name": "[concat(parameters('virtualNetworks_nordcloud_vnet_name'), '/norcloud-subnet2')]",
            "dependsOn": [
                "[resourceId('Microsoft.Network/virtualNetworks', parameters('virtualNetworks_nordcloud_vnet_name'))]"
            ],
            "properties": {
                "addressPrefix": "10.50.2.0/24",
                "networkSecurityGroup": {
                    "id": "[parameters('networkSecurityGroups_nordcloud_nsg_externalid')]"
                },
                "serviceEndpoints": [],
                "delegations": [],
                "privateEndpointNetworkPolicies": "Enabled",
                "privateLinkServiceNetworkPolicies": "Enabled"
            }
        },
        {
            "type": "Microsoft.Network/virtualNetworks/subnets",
            "apiVersion": "2019-11-01",
            "name": "[concat(parameters('virtualNetworks_nordcloud_vnet_name'), '/nordcloud-subnet')]",
            "dependsOn": [
                "[resourceId('Microsoft.Network/virtualNetworks', parameters('virtualNetworks_nordcloud_vnet_name'))]"
            ],
            "properties": {
                "addressPrefix": "10.50.0.0/24",
                "networkSecurityGroup": {
                    "id": "[parameters('networkSecurityGroups_nordcloud_nsg_externalid')]"
                },
                "serviceEndpoints": [
                    {
                        "service": "Microsoft.AzureActiveDirectory",
                        "locations": [
                            "*"
                        ]
                    },
                    {
                        "service": "Microsoft.AzureCosmosDB",
                        "locations": [
                            "*"
                        ]
                    },
                    {
                        "service": "Microsoft.CognitiveServices",
                        "locations": [
                            "*"
                        ]
                    },
                    {
                        "service": "Microsoft.ContainerRegistry",
                        "locations": [
                            "*"
                        ]
                    },
                    {
                        "service": "Microsoft.EventHub",
                        "locations": [
                            "*"
                        ]
                    },
                    {
                        "service": "Microsoft.KeyVault",
                        "locations": [
                            "*"
                        ]
                    },
                    {
                        "service": "Microsoft.ServiceBus",
                        "locations": [
                            "*"
                        ]
                    },
                    {
                        "service": "Microsoft.Sql",
                        "locations": [
                            "northeurope"
                        ]
                    },
                    {
                        "service": "Microsoft.Storage",
                        "locations": [
                            "northeurope",
                            "westeurope"
                        ]
                    },
                    {
                        "service": "Microsoft.Web",
                        "locations": [
                            "*"
                        ]
                    }
                ],
                "delegations": [],
                "privateEndpointNetworkPolicies": "Enabled",
                "privateLinkServiceNetworkPolicies": "Enabled"
            }
        }
    ]
}